{"cameraMode":{"drawMode":0,"name":"Shaded","section":"Shading Mode"},"sceneLighting":true,"audioPlay":false,"sceneViewState":{"m_AlwaysRefresh":false,"showFog":true,"showSkybox":true,"showFlares":true,"showImageEffects":true,"showParticleSystems":true,"showVisualEffectGraphs":true,"m_FxEnabled":true},"in2DMode":false,"pivot":{"x":-12.426520347595215,"y":-128.5059051513672,"z":173.54986572265626},"rotation":{"x":0.31862372159957888,"y":-0.013924352824687958,"z":0.004675460979342461,"w":0.9477781653404236},"size":124.54593658447266,"orthographic":false}